id,user_id,role,created_at
5081a669-08c9-4b3e-b475-445f08617d60,1321f773-e5cb-461f-9823-ee1f51c8e252,devotee,2026-04-29 04:52:26.747388+00
4e0aa408-8759-4ca6-9e11-9fa855cf9f4c,1321f773-e5cb-461f-9823-ee1f51c8e252,admin,2026-04-29 05:01:45.289838+00
79c63958-534d-4a06-ae3a-ff2cd466c5b4,cf47cd86-9aca-4dc2-a4f8-89eba0ed22b6,devotee,2026-04-30 05:11:17.510223+00
a7d564f2-6b0d-4333-8a7b-f7658ba63537,34d3e29c-697c-49b0-82a6-d5c799983a83,devotee,2026-04-30 16:55:56.964443+00
13805868-7a87-47fb-8f3d-62944a45bf55,03b68ec8-b6bc-4cfe-be54-9a356433a4cd,devotee,2026-04-30 17:23:58.39186+00
ec3bcf3e-da63-4b73-83e0-f2e8b517531f,b44ebf78-6456-4237-89e9-88a86fa5c9fe,devotee,2026-04-30 17:27:54.676971+00
a80ce2f5-1d2a-45f6-b47a-15728a2574c4,7af88621-6cb9-4a89-bcc1-62c1387e1ee8,devotee,2026-05-01 02:35:21.637458+00
7a07bff0-1e99-46cd-ab13-ba0f30306de8,91a8862d-7eee-4ca4-a8e3-d09118807536,devotee,2026-05-01 03:03:11.383511+00
14de38a0-52af-4426-874c-fa461bd7d9db,ee3c4b7f-5e6d-421c-891f-772289b4b290,devotee,2026-05-02 05:45:50.991003+00
8cbb1a08-dff0-46e9-8478-1c3d9bab7f72,b7231316-6a64-4dc5-960c-afc75a1dac8e,devotee,2026-05-02 06:28:56.55228+00
49345a89-ad9d-44c8-bd10-bbdcd73edfc9,6fef1435-5b86-40e3-aa23-7f2de85948a8,devotee,2026-05-02 07:27:08.395813+00
c4faf54c-b27f-42ca-8d2b-bdfb852eb209,cf47cd86-9aca-4dc2-a4f8-89eba0ed22b6,admin,2026-05-02 11:45:50.534122+00
ad3bae3d-ddb1-4694-b474-5290e9528dee,0bc8bcca-a18a-4b16-a960-7c5c3d105451,devotee,2026-05-02 17:00:50.12698+00
b15542dc-bfb1-48f0-9be4-fb7099a34669,e2b54d2f-22dd-49f8-93b8-d9bd12b14fcb,devotee,2026-05-03 02:29:01.209199+00
df068652-2554-4e51-b2da-05379c7a042e,fae53dc9-afbd-472a-bdc8-ad373128d37c,devotee,2026-05-03 04:12:45.338197+00
b3788e71-7658-42ff-bdc1-d5508fcc32a6,d728a56f-c9e1-4cbb-b1df-8c7646baef4c,devotee,2026-05-03 04:14:13.176219+00
02f23fcb-afd7-4a30-9a0d-05fd13d1cbca,36cf2059-3f78-4c43-9ece-5a105653f65d,devotee,2026-05-03 05:37:04.468197+00
0dd41331-59eb-448d-ad31-7509591e0660,018c3ada-f3f5-4cbb-9bc7-4181a2666749,devotee,2026-05-03 06:43:11.8662+00
f0420fd2-6454-48d3-895b-0e34c8a7ef8f,b0c7015c-b0ff-46ab-940f-3b29a48d1373,devotee,2026-05-03 14:14:42.181498+00
08d6aec1-9497-4a27-94c6-166983bbc08f,f3f22edf-f323-4a24-868c-7acd99496240,devotee,2026-05-05 02:42:42.192366+00
3a377412-0427-4b09-a5f7-1c6fd1a1a7ba,447df10d-df2c-4b25-99d9-8d4dfd99bee1,devotee,2026-05-05 02:48:24.299273+00
1241938a-ebc1-4dc9-ad6c-b767a5c3b379,8e2ed2de-80d9-4991-ba07-499df2e7c746,devotee,2026-05-06 06:35:26.675149+00
c2f991b5-0dd7-40e3-97c5-c87cb684abff,4afc5f43-7472-4993-969f-8c63864f04f0,devotee,2026-05-07 12:45:49.253943+00
bea6648c-276d-4326-92b7-223a2b361dad,0d0fa404-23c3-48f9-a4e9-8856093071ab,devotee,2026-05-07 12:55:17.928432+00
e0ae81f8-d02a-4d68-a7f2-49c0030121b8,cb844619-0fcd-4fd4-b335-58d13b34c037,devotee,2026-05-07 13:42:41.213477+00
4a256379-f9b3-45f4-92f8-08fbf9fb2136,0b2e3a9d-d4bb-4c8a-a4b4-e8f854496d59,devotee,2026-05-07 13:43:13.417341+00
b10165f9-90ca-4bf3-9958-8f77a3d981f6,b812b480-78f6-4cef-af67-dc887a7e3004,devotee,2026-05-07 13:49:43.753128+00
16aa1e20-2391-4255-8eab-b89cef5f8f25,3294f9c6-2bb5-4099-966a-7c15873767f7,devotee,2026-05-07 13:53:23.267462+00
9f067f35-fd36-40a0-9e51-e600fb710749,c040d727-c8f5-4093-8e58-5e5d7b4deae6,devotee,2026-05-07 13:53:39.276664+00
92fde573-8078-4689-83a2-455ce52b083b,403be51d-18c1-4f5b-a05d-9d31af9cda21,devotee,2026-05-07 13:55:27.12329+00
0d6b279d-41b0-4e15-90ae-6cab9eeb5452,9a9eb605-5ee4-445b-a80d-68ddefcd17a9,devotee,2026-05-07 14:15:25.539835+00
7045bc33-28cd-4f3e-9b32-d6603a62091d,c49ee633-d8d9-4090-8fd2-3d09bb537363,devotee,2026-05-07 14:28:04.992911+00
00b1d56b-45ec-41e3-88a4-0ac3c052a6ff,116bc046-ba87-4949-82d3-fb2f9acc0eb5,devotee,2026-05-07 14:29:32.764559+00
a45846d5-f657-4fc1-adc4-ce7c3adb1653,8a2fb40f-b827-4160-8acd-9bb0a83074b1,devotee,2026-05-07 14:57:02.175674+00
14fb8481-6854-4b15-bcb1-c2cfb2342715,1739ae9e-c224-44ee-ba81-0c66b2dda82d,devotee,2026-05-07 15:00:27.784748+00
faa07d3d-631d-4dbc-9eb7-1f26e3cb7037,2c57c633-508f-4535-9518-6a4fd9c2fe16,devotee,2026-05-07 15:17:24.200821+00
01fce233-0dbd-47c5-9c46-4c54ea422e7c,f9a61b90-8012-4c39-8927-7120a3103286,devotee,2026-05-08 04:25:16.337158+00
d4e06fb9-0d4d-4ddf-bb7a-ebb3e48e719d,dd539ef5-1e0c-480f-bfb7-10ae47d152f3,devotee,2026-05-08 08:42:20.750443+00
bde26837-59ec-48cb-9be6-47f07109c91f,480e835e-ea35-4c85-b3d9-0ea4425ffe2d,devotee,2026-05-08 09:39:09.36806+00
50ecb0b6-5d46-4f08-975a-069d53127710,986bd751-59c7-4b0d-bdf1-8e55d375f9b1,devotee,2026-05-08 12:19:35.266459+00
e5deabe8-99d8-4b3c-8937-1ded99ac7b4c,cbf8a892-1aaa-4fdb-aa4d-9d10a42e8ca6,devotee,2026-05-10 11:36:56.327172+00
265dd3a8-1548-4159-8c67-c7b91f1e680c,3569cc62-8435-4098-82f8-936039f22510,devotee,2026-05-11 12:33:12.314222+00
fe4639f9-6aba-4657-a65d-06df1d4d1261,e14f3c0e-ee7c-420e-9421-2490fe33f7bf,devotee,2026-05-13 03:58:54.746686+00
06a0e444-c0d5-4071-af77-8bb40c629fe7,01f01288-f1b9-4e0f-91b3-5e8da2a61578,devotee,2026-05-13 15:26:49.493468+00
ac11078a-99fb-4c8d-a4fd-1e788722e165,8fa5e89c-0654-468b-9d4d-6c51f26323b0,devotee,2026-05-17 06:28:28.078927+00
ef583c63-7f9f-449e-a5af-5092ee99c85b,71012fb2-2e3e-476f-acb6-64f64b23a7ae,devotee,2026-05-17 11:40:46.605854+00
dfb6486e-1f77-452f-8e43-dd63584c765c,7d2273c9-858b-45f3-ba67-7bb711fdbc23,devotee,2026-05-17 15:04:39.153517+00
785be883-b742-4757-9903-9d5dda684dba,23e7b6a0-0153-41ef-97f9-d2904e1279b5,devotee,2026-05-18 02:40:43.766691+00
1f5f0bca-bdc3-45cf-add7-3ea3d6bba6f8,23e7b6a0-0153-41ef-97f9-d2904e1279b5,admin,2026-05-18 02:46:11.08984+00
09fce9a3-c133-4fb4-b021-ac0974c77ad7,57740c27-0ce9-49e5-87a8-c6bc45a7b065,devotee,2026-05-18 10:36:20.582805+00
6ad11a8f-0aba-4c63-a750-9a2d41805d7d,fce89dd3-daf3-496b-9c03-031229db34cd,devotee,2026-05-18 11:37:20.70203+00
e05fca0f-4fc7-4fa0-984a-a6e5af32df2c,878452d0-23e0-4d23-99bd-f00a79752202,devotee,2026-05-18 11:49:33.278337+00
86aa71be-5847-466f-a105-887755498570,53724341-990f-43b1-a4f9-012d456495c8,devotee,2026-05-18 12:31:32.388554+00
a5fe61c6-4fb3-4807-a7a0-0a7a56f4294b,ad2dfcb2-f28a-4b93-839b-18c1d022a102,devotee,2026-05-19 02:40:51.629148+00
475e0d1d-e837-44e2-bf33-511b36c770a5,e6e7ab11-2221-4ff9-9143-c98600f8843d,devotee,2026-05-20 13:58:01.519082+00
4455bf71-b83e-4053-8740-dbf7f4b815c9,dd5edd88-ee03-433c-8405-c164aee131d7,devotee,2026-05-22 02:16:21.781496+00
49718401-b1cd-4647-b1c9-a8dc2b744507,9847cf8f-038e-4dee-a71f-b81ddc6b75a6,devotee,2026-05-24 12:50:02.618377+00
